id,name,model_id,group_id/id,operation,domain
access_medilab_chemical_user,medilab.chemical user,medilab.chemical,base.group_user,r,
access_medilab_chemical_system,medilab.chemical system,medilab.chemical,base.group_system,crud,
access_medilab_machine_user,medilab.machine user,medilab.machine,base.group_user,r,
access_medilab_machine_system,medilab.machine system,medilab.machine,base.group_system,crud,
access_medilab_machine_service_user,medilab.machine.service user,medilab.machine.service,base.group_user,r,
access_medilab_machine_service_system,medilab.machine.service system,medilab.machine.service,base.group_system,crud,
access_medilab_measurement_unit_user,medilab.measurement.unit user,medilab.measurement.unit,base.group_user,r,
access_medilab_measurement_unit_system,medilab.measurement.unit system,medilab.measurement.unit,base.group_system,crud,
access_medilab_parameter_group_user,medilab.parameter.group user,medilab.parameter.group,base.group_user,r,
access_medilab_parameter_group_system,medilab.parameter.group system,medilab.parameter.group,base.group_system,crud,
access_medilab_parameter_method_user,medilab.parameter.method user,medilab.parameter.method,base.group_user,r,
access_medilab_parameter_method_system,medilab.parameter.method system,medilab.parameter.method,base.group_system,cru,
access_medilab_parameter_method_machine_user,medilab.parameter.method.machine user,medilab.parameter.method.machine,base.group_user,r,
access_medilab_parameter_method_machine_system,medilab.parameter.method.machine system,medilab.parameter.method.machine,base.group_system,crud,
access_medilab_quality_registration_user,medilab.quality.registration user,medilab.quality.registration,base.group_user,r,
access_medilab_quality_registration_system,medilab.quality.registration system,medilab.quality.registration,base.group_system,crud,
access_medilab_regulation_user,medilab.regulation user,medilab.regulation,base.group_user,r,
access_medilab_regulation_system,medilab.regulation system,medilab.regulation,base.group_system,crud,
access_medilab_regulation_limit_user,medilab.regulation.limit user,medilab.regulation.limit,base.group_user,r,
access_medilab_regulation_limit_system,medilab.regulation.limit system,medilab.regulation.limit,base.group_system,crud,
access_medilab_sample_type_user,medilab.sample.type user,medilab.sample.type,base.group_user,r,
access_medilab_sample_type_system,medilab.sample.type system,medilab.sample.type,base.group_system,crud,
access_medilab_subcontractor_user,medilab.subcontractor user,medilab.subcontractor,base.group_user,r,
access_medilab_subcontractor_system,medilab.subcontractor system,medilab.subcontractor,base.group_system,cru,
access_medilab_test_parameter_user,medilab.test.parameter user,medilab.test.parameter,base.group_user,r,
access_medilab_test_parameter_system,medilab.test.parameter system,medilab.test.parameter,base.group_system,cru,
access_medilab_testing_field_user,medilab.testing.field user,medilab.testing.field,base.group_user,r,
access_medilab_testing_field_system,medilab.testing.field system,medilab.testing.field,base.group_system,crud,
access_medilab_testing_method_user,medilab.testing.method user,medilab.testing.method,base.group_user,r,
access_medilab_testing_method_system,medilab.testing.method system,medilab.testing.method,base.group_system,crud,
access_medilab_unit_category_user,medilab.unit.category user,medilab.unit.category,base.group_user,r,
access_medilab_unit_category_system,medilab.unit.category system,medilab.unit.category,base.group_system,crud,
