id,name,model_id:id,group_id:id,perm_read,perm_write,perm_create,perm_unlink
access_medilab_chemical_user,medilab.chemical user,model_medilab_chemical,base.group_user,1,0,0,0
access_medilab_chemical_system,medilab.chemical system,model_medilab_chemical,base.group_system,1,1,1,1
access_medilab_machine_user,medilab.machine user,model_medilab_machine,base.group_user,1,0,0,0
access_medilab_machine_system,medilab.machine system,model_medilab_machine,base.group_system,1,1,1,1
access_medilab_machine_service_user,medilab.machine.service user,model_medilab_machine_service,base.group_user,1,0,0,0
access_medilab_machine_service_system,medilab.machine.service system,model_medilab_machine_service,base.group_system,1,1,1,1
access_medilab_measurement_unit_user,medilab.measurement.unit user,model_medilab_measurement_unit,base.group_user,1,0,0,0
access_medilab_measurement_unit_system,medilab.measurement.unit system,model_medilab_measurement_unit,base.group_system,1,1,1,1
access_medilab_parameter_group_user,medilab.parameter.group user,model_medilab_parameter_group,base.group_user,1,0,0,0
access_medilab_parameter_group_system,medilab.parameter.group system,model_medilab_parameter_group,base.group_system,1,1,1,1
access_medilab_parameter_method_user,medilab.parameter.method user,model_medilab_parameter_method,base.group_user,1,0,0,0
access_medilab_parameter_method_system,medilab.parameter.method system,model_medilab_parameter_method,base.group_system,1,1,1,0
access_medilab_parameter_method_machine_user,medilab.parameter.method.machine user,model_medilab_parameter_method_machine,base.group_user,1,0,0,0
access_medilab_parameter_method_machine_system,medilab.parameter.method.machine system,model_medilab_parameter_method_machine,base.group_system,1,1,1,1
access_medilab_quality_registration_user,medilab.quality.registration user,model_medilab_quality_registration,base.group_user,1,0,0,0
access_medilab_quality_registration_system,medilab.quality.registration system,model_medilab_quality_registration,base.group_system,1,1,1,1
access_medilab_regulation_user,medilab.regulation user,model_medilab_regulation,base.group_user,1,0,0,0
access_medilab_regulation_system,medilab.regulation system,model_medilab_regulation,base.group_system,1,1,1,1
access_medilab_regulation_limit_user,medilab.regulation.limit user,model_medilab_regulation_limit,base.group_user,1,0,0,0
access_medilab_regulation_limit_system,medilab.regulation.limit system,model_medilab_regulation_limit,base.group_system,1,1,1,1
access_medilab_sample_type_user,medilab.sample.type user,model_medilab_sample_type,base.group_user,1,0,0,0
access_medilab_sample_type_system,medilab.sample.type system,model_medilab_sample_type,base.group_system,1,1,1,1
access_medilab_subcontractor_user,medilab.subcontractor user,model_medilab_subcontractor,base.group_user,1,0,0,0
access_medilab_subcontractor_system,medilab.subcontractor system,model_medilab_subcontractor,base.group_system,1,1,1,0
access_medilab_test_parameter_user,medilab.test.parameter user,model_medilab_test_parameter,base.group_user,1,0,0,0
access_medilab_test_parameter_system,medilab.test.parameter system,model_medilab_test_parameter,base.group_system,1,1,1,0
access_medilab_testing_field_user,medilab.testing.field user,model_medilab_testing_field,base.group_user,1,0,0,0
access_medilab_testing_field_system,medilab.testing.field system,model_medilab_testing_field,base.group_system,1,1,1,1
access_medilab_testing_method_user,medilab.testing.method user,model_medilab_testing_method,base.group_user,1,0,0,0
access_medilab_testing_method_system,medilab.testing.method system,model_medilab_testing_method,base.group_system,1,1,1,1
access_medilab_unit_category_user,medilab.unit.category user,model_medilab_unit_category,base.group_user,1,0,0,0
access_medilab_unit_category_system,medilab.unit.category system,model_medilab_unit_category,base.group_system,1,1,1,1
